{"cameraMode":{"drawMode":0,"name":"Shaded","section":"Shading Mode"},"sceneLighting":true,"audioPlay":false,"sceneViewState":{"showFog":true,"showMaterialUpdate":true,"showSkybox":true,"showFlares":true,"showImageEffects":true,"showParticleSystems":true},"in2DMode":false,"pivot":{"x":10.717657089233399,"y":5.827190399169922,"z":3.3020496368408205},"rotation":{"x":0.03286748751997948,"y":-0.08744253218173981,"z":0.002889416879042983,"w":0.9956319332122803},"size":35.400611877441409,"orthographic":false}