{"cameraMode":{"drawMode":0,"name":"Shaded","section":"Shading Mode"},"sceneLighting":true,"audioPlay":false,"sceneViewState":{"showFog":true,"showMaterialUpdate":true,"showSkybox":true,"showFlares":true,"showImageEffects":true,"showParticleSystems":true},"in2DMode":false,"pivot":{"x":12.172598838806153,"y":17.889404296875,"z":2.1528091430664064},"rotation":{"x":-0.060902081429958346,"y":-0.13614346086978913,"z":0.008298013359308243,"w":-0.9888498187065125},"size":85.34000396728516,"orthographic":false}