{"cameraMode":{"drawMode":0,"name":"Shaded","section":"Shading Mode"},"sceneLighting":true,"audioPlay":false,"sceneViewState":{"showFog":true,"showMaterialUpdate":true,"showSkybox":true,"showFlares":true,"showImageEffects":true,"showParticleSystems":true},"in2DMode":false,"pivot":{"x":3.3845973014831545,"y":9.064615249633789,"z":5.465507507324219},"rotation":{"x":-0.00900035910308361,"y":-0.007815090008080006,"z":-0.00004537928543868475,"w":-1.0000067949295045},"size":88.43498992919922,"orthographic":false}