{"cameraMode":{"drawMode":0,"name":"Shaded","section":"Shading Mode"},"sceneLighting":true,"audioPlay":false,"sceneViewState":{"showFog":true,"showMaterialUpdate":true,"showSkybox":true,"showFlares":true,"showImageEffects":true,"showParticleSystems":true},"in2DMode":false,"pivot":{"x":22.590469360351564,"y":3.1172282695770265,"z":1.586132287979126},"rotation":{"x":0.07642590999603272,"y":0.0023918042425066234,"z":-0.00017829862190410495,"w":0.9970819354057312},"size":12.762556076049805,"orthographic":false}