{"cameraMode":{"drawMode":0,"name":"Shaded","section":"Shading Mode"},"sceneLighting":true,"audioPlay":false,"sceneViewState":{"showFog":true,"showMaterialUpdate":true,"showSkybox":true,"showFlares":true,"showImageEffects":true,"showParticleSystems":true},"in2DMode":false,"pivot":{"x":-7.308866500854492,"y":18.04323959350586,"z":-8.024810791015625},"rotation":{"x":-0.028498057276010515,"y":-0.003316811751574278,"z":-0.000050663893489399925,"w":-0.9996700882911682},"size":56.078529357910159,"orthographic":false}