{"cameraMode":{"drawMode":0,"name":"Shaded","section":"Shading Mode"},"sceneLighting":false,"audioPlay":false,"sceneViewState":{"showFog":true,"showMaterialUpdate":true,"showSkybox":false,"showFlares":true,"showImageEffects":true,"showParticleSystems":true},"in2DMode":false,"pivot":{"x":-2.975966691970825,"y":3.4758479595184328,"z":5.985462188720703},"rotation":{"x":-0.06989660114049912,"y":-0.8804081082344055,"z":0.13710424304008485,"w":-0.44865402579307558},"size":9.897015571594239,"orthographic":false}