{"cameraMode":{"drawMode":0,"name":"Shaded","section":"Shading Mode"},"sceneLighting":true,"audioPlay":false,"sceneViewState":{"showFog":true,"showMaterialUpdate":true,"showSkybox":true,"showFlares":true,"showImageEffects":true,"showParticleSystems":true},"in2DMode":false,"pivot":{"x":0.42185428738594057,"y":1.3005292415618897,"z":-1.1061381101608277},"rotation":{"x":0.13740447163581849,"y":-0.04811380058526993,"z":0.006707687396556139,"w":0.9893655776977539},"size":12.500496864318848,"orthographic":false}