{"cameraMode":{"drawMode":0,"name":"Shaded","section":"Shading Mode"},"sceneLighting":true,"audioPlay":false,"sceneViewState":{"showFog":true,"showMaterialUpdate":true,"showSkybox":true,"showFlares":true,"showImageEffects":true,"showParticleSystems":true},"in2DMode":false,"pivot":{"x":2.5648040771484377,"y":1.0706946849822999,"z":-39.82732009887695},"rotation":{"x":0.13351337611675263,"y":0.19137926399707795,"z":-0.026286739856004716,"w":0.9720376133918762},"size":12.385988235473633,"orthographic":false}