{"cameraMode":{"drawMode":0,"name":"Shaded","section":"Shading Mode"},"sceneLighting":true,"audioPlay":false,"sceneViewState":{"showFog":true,"showMaterialUpdate":true,"showSkybox":true,"showFlares":true,"showImageEffects":true,"showParticleSystems":true},"in2DMode":false,"pivot":{"x":-0.07386504113674164,"y":-0.3550349175930023,"z":8.846446990966797},"rotation":{"x":0.05992681905627251,"y":0.036833424121141437,"z":-0.0021814529318362476,"w":0.9975669384002686},"size":20.200180053710939,"orthographic":false}